property_id,name,year,category,wiki_title,wiki_confidence,wiki_alternates,subreddit,subscribers
"a-goofy-movie-1995","A Goofy Movie","1995","Movie","A Goofy Movie","verified","An Extremely Goofy Movie | Max Goof","goofymovie","696"
"aaahh-real-monsters-1994","Aaahh!!! Real Monsters","1994","TV","Aaahh!!! Real Monsters","verified","List of Aaahh!!! Real Monsters episodes | Christine Cavanaugh","Aaahhrealmonsters","86"
"abc-tgif-1994","ABC TGIF","1994","Sports/Media","TGIF (TV programming block)","verified","Boy Meets World | Perfect Strangers (TV series)","",""
"ace-of-base-1993","Ace of Base","1993","Music","Ace of Base","verified","Ace of Base | The Bridge (Ace of Base album)","AceOfBase","206"
"all-that-1994","All That","1994","TV","All That","verified","Fantastic Four (1994 TV series) | Friends","AllThat","124"
"anastasia-1997","Anastasia","1997","Movie","Anastasia (1997 film)","verified","Anastasia (1956 film) | Anya (Anastasia)","",""
"angels-in-the-outfield-1994","Angels in the Outfield","1994","Movie","Angels in the Outfield (1994 film)","verified","Angels in the Outfield (1951 film) | Angels in the Outfield","",""
"animorphs-1998","Animorphs","1998","TV","Animorphs (TV series)","verified","Animorphs | Shawn Ashmore","Animorphs","21013"
"aol-instant-messenger-1997","AOL Instant Messenger (AIM)","1997","Tech","AIM (software)","verified","Instant messaging | AOL Mail","",""
"aqua-barbie-girl-1997","Aqua ('Barbie Girl' era)","1997","Music","Aqua (band)","verified","Barbie (film) | Nicki Minaj","",""
"banjo-kazooie-1998","Banjo-Kazooie","1998","Video Game","Banjo-Kazooie (video game)","verified","Banjo-Kazooie | Banjo & Kazooie","BanjoKazooie","26421"
"beanie-babies-1993","Beanie Babies","1993","Toy/Fad","Beanie Babies","verified","Ty Warner | The Beanie Bubble","beaniebabies","14250"
"blockbuster-video-1996","Blockbuster Video","1996","Sports/Media","Blockbuster (retailer)","verified","Blockbuster (entertainment) | Hollywood Video","blockbustervideo","23020"
"bop-it-1996","Bop It","1996","Toy/Fad","Bop It","verified","Bebop | Scatman (Ski-Ba-Bop-Ba-Dop-Bop)","bopit","253"
"boy-meets-world-1993","Boy Meets World","1993","TV","Boy Meets World","verified","Girl Meets World | A Suitable Boy (TV series)","boymeetsworld","28471"
"bubsy-1993","Bubsy","1993","Video Game","Bubsy in Claws Encounters of the Furred Kind","verified","Bubsy in Claws Encounters of the Furred Kind | Bubsy II","",""
"casper-1995","Casper","1995","Movie","Casper (film)","verified","Casper Meets Wendy | Casper the Friendly Ghost in film","",""
"chrono-trigger-1995","Chrono Trigger","1995","Video Game","Chrono Trigger","verified","Characters of Chrono Trigger | Ayla (Chrono Trigger)","chronotrigger","55751"
"clueless-1995","Clueless","1995","Movie","Clueless","verified","Beyond Clueless | Clueless (novels)","Clueless","615"
"command-and-conquer-1995","Command & Conquer","1995","Video Game","Command & Conquer (1995 video game)","verified","Command & Conquer Remastered Collection | Command & Conquer","commandandconquer","70786"
"cool-runnings-1993","Cool Runnings","1993","Movie","Cool Runnings","verified","Running Cool | Doug E. Doug","CoolRunnings","117"
"crazy-bones-1997","Crazy Bones (GoGo's)","1997","Toy/Fad","Gogo's Crazy Bones","verified","T Bone Burnett | Allison Dunbar","crazybones","4019"
"daria-1997","Daria","1997","TV","Daria","verified","Daria Morgendorffer | List of Daria episodes","daria","39619"
"demolition-man-1993","Demolition Man","1993","Movie","Demolition Man (film)","verified","Demolition Man | Demolition Man (EP)","DemolitionMan","102"
"dexters-laboratory-1996","Dexter's Laboratory","1996","TV","Dexter's Laboratory","verified","Dexter's Laboratory: Ego Trip | List of Dexter's Laboratory episodes","DextersLaboratory","1061"
"duke-nukem-3d-1996","Duke Nukem 3D","1996","Video Game","Duke Nukem 3D","verified","Duke Nukem (video game) | Duke Nukem","dukenukem","9539"
"dumb-and-dumber-1994","Dumb and Dumber","1994","Movie","Dumb and Dumber","verified","Dumb and Dumber To | Dumb and Dumber (TV series)","DumbAndDumber","923"
"earthbound-1995","EarthBound","1995","Video Game","EarthBound","verified","EarthBound Beginnings | Ness (EarthBound)","earthbound","88201"
"earthworm-jim-1994","Earthworm Jim","1994","Video Game","Earthworm Jim (video game)","verified","Earthworm Jim | Earthworm Jim 2","earthwormjim","1210"
"empire-records-1995","Empire Records","1995","Movie","Empire Records","verified","Empire Records (disambiguation) | Casino (1995 film)","EmpireRecords","602"
"event-horizon-1997","Event Horizon","1997","Movie","Event Horizon (film)","verified","Event Horizon: Inferno | Event horizon (disambiguation)","eventhorizon","998"
"free-willy-1993","Free Willy","1993","Movie","Free Willy","verified","Free Willy (franchise) | Free Willy 2: The Adventure Home","freewilly","31"
"furby-1998","Furby","1998","Toy/Fad","Furby","verified","Tony Pope | Tiger Electronics","furby","21317"
"gak-1993","Nickelodeon Gak","1993","Toy/Fad","","none","Nickelodeon Productions | Double Dare (franchise)","",""
"gargoyles-1994","Gargoyles","1994","TV","Gargoyles (TV series)","verified","List of Gargoyles episodes | List of Gargoyles characters","gargoyles","8857"
"gattaca-1997","Gattaca","1997","Movie","Gattaca","verified","1997 in film | Andrew Niccol","",""
"geocities-1994","GeoCities","1994","Tech","GeoCities","verified","Social networking service | Geo Prizm","geocities","416"
"hackers-1995","Hackers","1995","Movie","Hackers (film)","verified","Hacker | The Net (1995 film)","HackersMovie","307"
"hanson-1997","Hanson","1997","Music","Hanson (band)","verified","Taylor Hanson | Middle of Nowhere (Hanson album)","Hanson","2373"
"heavyweights-1995","Heavyweights","1995","Movie","Heavyweights","verified","Aaron Schwartz (American actor) | Tyson (1995 film)","Heavyweights","8"
"hey-arnold-1996","Hey Arnold!","1996","TV","Hey Arnold!","verified","List of Hey Arnold! episodes | List of Hey Arnold! characters","HeyArnold","24575"
"homeward-bound-1993","Homeward Bound: The Incredible Journey","1993","Movie","Homeward Bound: The Incredible Journey","verified","The Incredible Journey (film) | Homeward Bound II: Lost in San Francisco","",""
"independence-day-1996","Independence Day","1996","Movie","Independence Day (1996 film)","verified","Independence Day (franchise) | Independence Day: Resurgence","IndependenceDay","141"
"jagged-little-pill-1995","Jagged Little Pill (Alanis Morissette)","1995","Music","Jagged Little Pill","verified","Alanis Morissette discography | Jagged Little Pill (musical)","",""
"james-and-the-giant-peach-1996","James and the Giant Peach","1996","Movie","James and the Giant Peach (film)","verified","James and the Giant Peach | Paul Terry (actor)","",""
"jingle-all-the-way-1996","Jingle All the Way","1996","Movie","Jingle All the Way","verified","Jingle All the Way 2 | Jingle All the Way (disambiguation)","",""
"jock-jams-1995","Jock Jams","1995","Music","Jock Jams, Volume 1","verified","Jock Jams, Volume 2 | Jock series","JockJams","19"
"johnny-bravo-1997","Johnny Bravo","1997","TV","Johnny Bravo","verified","List of Johnny Bravo episodes | Jeff Bennett","JohnnyBravo","1639"
"kenan-and-kel-1996","Kenan & Kel","1996","TV","Kenan & Kel","verified","List of Kenan & Kel episodes | Kenan Thompson","KenanAndKel","247"
"killer-instinct-1994","Killer Instinct","1994","Video Game","Killer Instinct (1994 video game)","verified","Killer Instinct 2 | Killer Instinct Gold","killerinstinct","14137"
"legends-of-the-hidden-temple-1993","Legends of the Hidden Temple","1993","TV","Legends of the Hidden Temple","verified","Dee Bradley Baker | Legend (disambiguation)","legendsofhiddentemple","1"
"lilith-fair-1997","Lilith Fair","1997","Music","Lilith Fair","verified","Lilith | Lilith (disambiguation)","LilithFair","5"
"lisa-frank-1996","Lisa Frank","1996","Toy/Fad","Lisa Frank","verified","Lisa Franks | Lisa Marie Presley","lisafrank","1670"
"macarena-1996","Macarena (Los del Río)","1996","Music","Macarena","verified","Macarena | Fiesta Macarena","",""
"magic-eye-1993","Magic Eye","1993","Toy/Fad","Magic Eye","verified","Evil eye | Magic: The Gathering","MagicEye","392298"
"men-in-black-1997","Men in Black","1997","Movie","Men in Black (1997 film)","verified","Men in Black (film series) | Men in Black","meninblack","1654"
"mighty-max-1993","Mighty Max","1993","Toy/Fad","Mighty Max (toyline)","verified","Mighty Max (toyline) | Freak the Mighty","MightyMax","632"
"mighty-morphin-power-rangers-1993","Mighty Morphin Power Rangers","1993","TV","Mighty Morphin Power Rangers","verified","Mighty Morphin Power Rangers: Once & Always | List of Mighty Morphin Power Rangers characters","powerrangers","87470"
"mrs-doubtfire-1993","Mrs. Doubtfire","1993","Movie","Mrs. Doubtfire","verified","Mrs. Doubtfire (musical) | Madame Doubtfire","mrsdoubtfire","75"
"mtv-rock-n-jock-1994","MTV Rock N' Jock","1994","Sports/Media","MTV Rock N' Jock","verified","MTV Video Music Awards | List of programs broadcast by MTV","",""
"mtv-unplugged-1993","MTV Unplugged","1993","Music","MTV Unplugged","verified","MTV Unplugged in New York | MTV Unplugged (10,000 Maniacs album)","MTVunplugged","1"
"my-so-called-life-1994","My So-Called Life","1994","TV","My So-Called Life","verified","Pilot (My So-Called Life) | The Facts of Life (TV series)","MySoCalledLife","1579"
"myst-1993","Myst","1993","Video Game","Myst","verified","Myst (series) | Riven","myst","13745"
"nba-jam-1993","NBA Jam","1993","Video Game","NBA Jam (1993 video game)","verified","NBA Jam | 1993 in video games","nbajam","336"
"netscape-navigator-1994","Netscape Navigator","1994","Tech","Netscape Navigator","verified","Netscape (web browser) | Netscape","netscapenavigator","64"
"nfl-blitz-1997","NFL Blitz","1997","Video Game","NFL Blitz (1997 video game)","verified","NFL Blitz | Blitz","nflblitz","219"
"no-doubt-1995","No Doubt (Tragic Kingdom era)","1995","Music","No Doubt","verified","Spiderwebs (song) | Ska punk","nodoubt","4013"
"now-and-then-1995","Now and Then","1995","Movie","Now and Then (film)","verified","Now and Then (Beatles song) | 1995 in film","",""
"nsync-1998","*NSYNC","1998","Music","NSYNC","verified","The Winter Album (NSYNC album) | NSYNC","NSYNC","8591"
"palmpilot-1996","PalmPilot","1996","Tech","PalmPilot","verified","Pilot 1000 | Palm, Inc.","PalmPilot","49"
"parappa-the-rapper-1996","PaRappa the Rapper","1996","Video Game","PaRappa the Rapper","verified","PaRappa | List of video game soundtracks listed among the best","Parappa","11430"
"pleasantville-1998","Pleasantville","1998","Movie","Pleasantville (film)","verified","Pleasantville | Gary Ross","",""
"pogs-1994","POGs","1994","Toy/Fad","Milk caps (game)","verified","Pog (drink) | The Tick (1994 TV series)","pogs","670"
"primal-rage-1994","Primal Rage","1994","Video Game","Primal Rage","verified","Super Game Boy | Midway Arcade Treasures Deluxe Edition","primalrage","322"
"reboot-1994","ReBoot","1994","TV","ReBoot","verified","List of ReBoot episodes | Reboot (fiction)","ReBoot","10390"
"richie-rich-1994","Richie Rich","1994","Movie","Richie Rich (film)","verified","Richie Rich's Christmas Wish | Richie Rich (character)","",""
"road-rash-1994","Road Rash","1994","Video Game","Road Rash (1994 video game)","verified","Road Rash (1991 video game) | Road Rash","roadrash","92"
"rockos-modern-life-1993","Rocko's Modern Life","1993","TV","Rocko's Modern Life","verified","List of Rocko's Modern Life episodes | List of Rocko's Modern Life characters","rockosmodernlife","1841"
"rookie-of-the-year-1993","Rookie of the Year","1993","Movie","Rookie of the Year (film)","verified","Rookie of the Year | List of ballparks used in film and television","",""
"sabrina-the-teenage-witch-1996","Sabrina the Teenage Witch","1996","TV","Sabrina the Teenage Witch (1996 TV series)","verified","List of Sabrina the Teenage Witch (1996 TV series) characters | List of Sabrina the Teenage Witch episodes","sabrinateenagewitch","5891"
"simcity-2000-1994","SimCity 2000","1994","Video Game","SimCity 2000","verified","SimCity (1989 video game) | List of Sim video games","SimCity2000","451"
"sister-sister-1994","Sister, Sister","1994","TV","Sister, Sister (TV series)","verified","Sisters (American TV series) | Sister Wives","sistersister","827"
"sky-dancers-1994","Sky Dancers","1994","Toy/Fad","Sky Dancers","verified","Blue Sky (1994 film) | Pullstring","SkyDancers","1"
"small-soldiers-1998","Small Soldiers","1998","Movie","Small Soldiers","verified","Small Soldiers (soundtrack) | Small Soldiers (video game)","SmallSoldiers","503"
"space-ghost-coast-to-coast-1994","Space Ghost Coast to Coast","1994","TV","Space Ghost Coast to Coast","verified","List of Space Ghost Coast to Coast episodes | Space Ghost","spaceghost","6036"
"spice-girls-1996","Spice Girls","1996","Music","Spice Girls","verified","Spice Girls discography | Spice Girls","SpiceGirls","19160"
"spyro-the-dragon-1998","Spyro the Dragon","1998","Video Game","Spyro the Dragon","verified","Spyro | Spyro: Year of the Dragon","Spyro","65718"
"star-fox-1993","Star Fox","1993","Video Game","Star Fox (1993 video game)","verified","Star Fox 64 | Star Fox","starfox","16131"
"starcraft-1998","StarCraft","1998","Video Game","StarCraft (video game)","verified","StarCraft | StarCraft: Insurrection","starcraft","307383"
"starship-troopers-1997","Starship Troopers","1997","Movie","Starship Troopers (film)","verified","Starship Troopers (franchise) | Starship Troopers 3: Marauder","starshiptroopers","23390"
"starter-jackets-1993","Starter","1993","Sports/Media","Starter (clothing line)","verified","Starter (clothing line) | Marcus Mariota","Starter","80"
"street-sharks-1994","Street Sharks","1994","Toy/Fad","Street Sharks","verified","List of television series based on toys | Studio B Productions","StreetSharks","860"
"surge-1996","Surge","1996","Toy/Fad","Surge (drink)","verified","Michael Champion | Such a Surge","",""
"swat-kats-1993","SWAT Kats: The Radical Squadron","1993","TV","SWAT Kats: The Radical Squadron","verified","List of SWAT Kats: The Radical Squadron episodes | Perry King","swatkats","648"
"swing-revival-1998","The Swing Revival","1998","Music","Swing revival","verified","Guitar Slinger (The Brian Setzer Orchestra album) | Swing music","",""
"talkboy-1993","Talkboy","1993","Toy/Fad","Talkboy","verified","Tiger Electronics | Home Alone 2: Lost in New York","",""
"tamagotchi-1996","Tamagotchi","1996","Toy/Fad","Tamagotchi","verified","Tamagotchi Plaza | Tamagotchi effect","tamagotchi","74805"
"tech-deck-1998","Tech Deck","1998","Toy/Fad","Fingerboard (skateboard)","verified","Deck (building) | Deck Nine","Techdeck","5797"
"the-adventures-of-pete-and-pete-1993","The Adventures of Pete & Pete","1993","TV","The Adventures of Pete & Pete","verified","Pete (Disney) | Pete Evans","peteandpete","1955"
"the-craft-1996","The Craft","1996","Movie","The Craft (film)","verified","The Craft: Legacy | Fargo (1996 film)","",""
"the-cranberries-1994","The Cranberries ('Zombie' era)","1994","Music","The Cranberries","verified","List of songs recorded by the Cranberries | Dolores O'Riordan","TheCranberries","1613"
"the-faculty-1998","The Faculty","1998","Movie","The Faculty","verified","List of American films of 1998 | Jolly (1998 film)","",""
"the-fifth-element-1997","The Fifth Element","1997","Movie","The Fifth Element","verified","Fifth Element | The Fifth Element (video game)","fifthelement","2165"
"the-mask-1994","The Mask","1994","Movie","The Mask (1994 film)","verified","Son of the Mask | The Mask (franchise)","TheMask","859"
"the-mighty-ducks-1994","The Mighty Ducks (D2 era)","1994","Movie","D2: The Mighty Ducks","verified","1994 in film | Bob Miller (sportscaster)","MightyDucks","2229"
"the-pagemaster-1994","The Pagemaster","1994","Movie","The Pagemaster","verified","The Pagemaster (video game) | Richie Rich (film)","",""
"the-powerpuff-girls-1998","The Powerpuff Girls","1998","TV","The Powerpuff Girls","verified","List of The Powerpuff Girls episodes | List of The Powerpuff Girls characters","powerpuffgirls","19232"
"the-sandlot-1993","The Sandlot","1993","Movie","The Sandlot","verified","The Sandlot (franchise) | The Sandlot 2","",""
"the-secret-world-of-alex-mack-1994","The Secret World of Alex Mack","1994","TV","The Secret World of Alex Mack","verified","List of The Secret World of Alex Mack episodes | Larisa Oleynik","SecretWorldOfAlexMack","1"
"the-tick-1994","The Tick","1994","TV","The Tick (1994 TV series)","verified","Tick (disambiguation) | The Tick (2001 TV series)","TheTick","5503"
"tlc-1994","TLC (CrazySexyCool era)","1994","Music","TLC (group)","verified","Waterfalls (TLC song) | Creep (TLC song)","",""
"tommy-boy-1995","Tommy Boy","1995","Movie","Tommy Boy","verified","Tommy Boy Records | Friday (1995 film)","",""
"total-request-live-1998","Total Request Live (TRL)","1998","Music","Total Request Live","verified","NSYNC (album) | MTV: TRL Christmas","",""
"turok-1997","Turok: Dinosaur Hunter","1997","Video Game","Turok: Dinosaur Hunter","verified","Turok (video game series) | Turok","TuroKDinosaurHunter","0"
"twisted-metal-1995","Twisted Metal","1995","Video Game","Twisted Metal (1995 video game)","verified","Twisted Metal | Twisted Metal: Black","TwistedMetal","13273"
"waterworld-1995","Waterworld","1995","Movie","Waterworld","verified","Waterworld video games | WaterWorld","waterworld","426"
"wcw-monday-nitro-1995","WCW Monday Nitro","1995","Sports/Media","WCW Monday Nitro","verified","WCW Monday Nitro debut episode | Monday Night War","WCWMondayNitro","2"
"winamp-1997","Winamp","1997","Tech","Winamp","verified","Nullsoft | Music visualization","winamp","2610"
"wishbone-1995","Wishbone","1995","TV","Wishbone (TV series)","verified","List of Wishbone episodes | Soccer (dog)","",""
"xena-warrior-princess-1995","Xena: Warrior Princess","1995","TV","Xena: Warrior Princess","verified","Gabrielle (Xena: Warrior Princess) | List of Xena: Warrior Princess episodes","xena","15029"
